,wall_post,like,comment,share,view
0,"


.


Ингруп СтС НИУ ВШЭ 
Oct 2, 2020 at 7:15 pm

А сегодня мы хотим объявить о скором начале акселератора Ингруп СтС!Звучит серьезно, давайте разбираться, что это такое?Акселератор — это пространство пошагового создания своего проекта с нуля! Менеджмент, маркетинг, PR, работа со спонсорами, организация рабочего процесса, питчинг и создание мероприятий — Ингруп СтС научит всему!Expand text... Ты с нами? Тогда регистрируйся на акселератор по ссылке: https://forms.gle/FHtWfpTZ6kCVWG3CAВ конце опроса вы найдете ссылку на телеграмм канал, на который обязательно нужно будет подписаться — всю важную информацию по лекциям вы будет получать именно оттуда.

Регистрация на INACCEL – Акселератор от Ингруп СтС
docs.google.com

",1,0,0,123
1,"


.


iDeal - Лекторий HSE | НИУ ВШЭ 
Sep 26, 2020 at 12:31 pm

“Самопрезентация - мощнейший инструмент делового бизнеса”Но что нужно, чтобы произвести хорошее впечатление, даже при общении через экран? Если вам интересно узнать, как правильно представить себя собеседнику, не бояться онлайн пространства и продуктивно работать на дистанционке, вебинар “Особенности онлайн коммуникации” поможет с этим разобраться!2 октября эксперт по корпоративной культуре Ольга Мерц расскажет об особенностях онлайн коммуникаций, включающих в себя не только поведение и внешний вид перед камерой, но и коммуникацию в мессенджерах и по телефону. У вас будет возможность узнать теоретические аспекты, а также поучаствовать в практической части вебинара, применив все услышанное ранее, и задать интересующие вас вопросы эксперту.Звучит интересно? Тогда регистрируйся! https://vk.com/app5898182_-185550746#s=1002493",0,0,0,106
2,"Дорогие друзья, началась проверка пудов (что такое пуд, смотри в описании), нужны волонтеры, которые помогут в этом деле! А за участие вас наградят похвальным листом, который вы сможете подать на ПГАС.тобы стать волонтёром, напишите в личные сообщения в телеграм Тимофею Прибылеву @tim_prib. Ждём вас!",1,0,1,279
3,"


.


HSE ISS - Поддержка иностранных студентов ВШЭ 
Sep 15, 2020 at 6:20 pm




С 16 сентября Указ Президента РФ В.В. Путина № 274 в отношении иностранных граждан будет продлен на новый срок (до 15 декабря 2020 г.)
Try this background

",1,0,0,105
4,"Дорогие друзья!  Не пропустите супер крутое мероприятие от наших коллег!


.


Бизнес-инкубатор ВШЭ 
Sep 16, 2020 at 4:30 pm

Вы просили –– мы организовали! Наше традиционное мероприятие Pizza Pitch пройдет 24 сентября в онлайн-формате! На нем у вас будет возможность рассказать про свой проект, поделиться идеями, получить полезную информацию от экспертов, найти новые контакты и отлично провести время, общаясь с самыми разными людьми и единомышленниками.Если вы: Expand text...- стартап, который хочет получить обратную связь- инвестор, который ищет перспективную компанию для вложения - специалист, который хочет найти себе крутую команду для сотрудничества - или просто человек, который интересуется развитием предпринимательства в стране То обязательно подавайте заявку на участие: https://clck.ru/Qsmur Все что нужно – ваш имейл, а мы сами пришлём вам ссылку на трансляцию и несколько полезных советов!",0,0,0,89
5,"Не пропустите, наши друзья организовали вебинар:


.


iDeal - Лекторий HSE | НИУ ВШЭ 
Sep 4, 2020 at 4:22 pm

Don’t DO agile, be agile!Друзья! Если вы любознательны до всего современного и интересуетесь гибкими методологиями создания продуктов, предлагаем посетить вебинар: ""Agile. Scrum. Гибкая разработка продуктов""Expand text...15 сентября сертифицированный Scrum Master из МТС Big Data Антон Андреев расскажет об основах Agile и Scrum, особенностях внедрения гибких практик, поделится личным опытом, ответит на ваши вопросы и даст совет, как запустить полноценную продуктовую команду в полностью удалённом формате или разработать собственный обучающий продукт, а также научит совмещать работу и хобби.Интересно? Ждем на вебинаре!15 сентября (вт) в 19:00 Онлайн-вебинар, регистрация по ссылкеСсылка на регистрацию: https://vk.com/app5898182_-185550746#s=973021#ideal_speaker",0,0,0,86
6,"


.


Changellenge » Карьера от студента к СЕО 
Aug 23, 2020 at 6:04 pm

#youtube@changellengeglobal #Changellenge #YouTubeКогда-нибудь пытались понять, о чем реально думают преподаватели? Мы — да. В новом видео на нашем YouTube-канале поговорили с профессором Ударой Пейрисом и расспросили о высшем образовании, российских студентах и академической карьере. Но это не все! Удара — консультант многих мировых Центральных банков, сейчас он строит макроэкономическую модель, которая поможет разным странам оценить последствия коронавируса. В интервью узнали об изменениях в мире после пандемии, вероятности валютного кризиса и финансовом положении среднестатистической семьи. Видео на английском с субтитрами на русском языке: https://www.youtube.com/watch?v=8EzzCEBJj6EYouTube53:13

Последствия Коронавируса на Экономику; об Образовании в России | Мнение Профессора HSE59 views

",0,0,0,113
7,"Дорогие друзья! Требуется ваша помощь:) @aribarbari готовит для Дня Вышки ролик, который отображает всю многонациальность нашего большого университета, поэтому ей нужна наша помощь, необходимы люди для съемки, которые пройдут УЖЕ завтра в Москве, поэтому, если кто может, обращайтесь:)Dear friends! @aribarbari needs our help, she is a producer and she prepares a video for The Vyshka Day. Video is about multinationalality of our big university. She needs people for the shooting which will be tomorrow in Moscow if you can take part in this event, please, contact her:)",4,0,1,327
8,"


.


Совет Объединения Иностранных Студентов НИУ ВШЭ 
Aug 21, 2020 at 10:03 pm

Уважаемые первокурсники бакалавриата и магистратуры! Приглашаем Вас 24 августа на WELCOME DAY - 2020!На мероприятии вас ждет много интересного, а главное полезного:   Знакомство с ключевыми лицами НИУ ВШЭ, обеспечивающими ваше прибывание в Вышке Expand text...  Вы узнаете какими возможностями каждый из вас обладает в стенах Вышки и какие студенческие организации помогут их реализовать  Узнаете важнейшую информация о правилах въезда/выезда из РФ, о постановке на миграционный учёт и о проживание в общежитие   Информация о возможных международных стажировках, программах обмена и стипендиальном обеспечение студентов Вышки и ещё очень много самого интересного! Мероприятие пройдет в онлайн-формате, так что проверяй свой почтовый ящик, в нем ты найдешь ссылку-приглашение на мероприятие:) Ждём Вас всех!",0,0,0,158
9,"Дорогие студенты дальнего зарубежья, есть очень интересное предложение для вас! Есть возможность поучаствовать в тревел-шоу, основным условием является базовые знание русского языка. Не упусти крутую возможность!


.


By Foreigners 
Aug 11, 2020 at 10:32 pm

Привет, мы давно с вами не виделись, но совсем скоро это исправим. Почему? Потому что совсем скоро стартует 2 сезон нашего проекта Что ждёт наших иностранных друзей во 2 сезоне  Совсем скоро они на несколько дней отправятся в один из 10 регионов:Expand text... - Республика Саха (Якутия) - Сахалинская область - Камчатский край - Чукотский автономный округ - Республика Дагестан - Республика Ингушетия - Республика Чечня - Республика Хакасия - Республика Бурятия - Республика Тыва  где будут жить в семьях в деревне или селе, чтобы познакомиться с бытом и культурой народов России. Это станет отличной возможностью соприкоснуться с многонациональностью нашей страны, а также рассказать зрителю проекта о сходствах и различиях России и родины иностранного студента.  Для съемок в проекте мы ищем главных героев, кто:  приехал из далека,  обучается в одном из российских ВУЗов,  владеет русским языком на уровне не ниже среднего,  не боится камеры,  а также хочет узнать больше о России.  Если кто-то из твоих иностранных друзей, которые учатся в России,  давно хотел попробовать себя в новой роли или просто познакомиться с Россией поближе, то обязательно отправь этот пост емуВсе расходы, связанные с путешествиями (перелет, проживание, питание), мы берем на себя.  Заявки на участие в проекте принимаются до 18 августа (23:59 по Москве). Свою заявку иностранные студенты могут оставить перейдя по ссылке: forms.gle/5g2L1SxFGqCGNSQKA.  А если этого будет мало, то всегда можно написать нам в сообщения или лично: +7 (999) 549-25-92  byforeigners@gmail.com",1,0,0,128
10,"


.


Ингруп СтС НИУ ВШЭ 
Oct 2, 2020 at 7:15 pm

А сегодня мы хотим объявить о скором начале акселератора Ингруп СтС!Звучит серьезно, давайте разбираться, что это такое?Акселератор — это пространство пошагового создания своего проекта с нуля! Менеджмент, маркетинг, PR, работа со спонсорами, организация рабочего процесса, питчинг и создание мероприятий — Ингруп СтС научит всему!Expand text... Ты с нами? Тогда регистрируйся на акселератор по ссылке: https://forms.gle/FHtWfpTZ6kCVWG3CAВ конце опроса вы найдете ссылку на телеграмм канал, на который обязательно нужно будет подписаться — всю важную информацию по лекциям вы будет получать именно оттуда.

Регистрация на INACCEL – Акселератор от Ингруп СтС
docs.google.com

",1,0,0,123
11,"


.


iDeal - Лекторий HSE | НИУ ВШЭ 
Sep 26, 2020 at 12:31 pm

“Самопрезентация - мощнейший инструмент делового бизнеса”Но что нужно, чтобы произвести хорошее впечатление, даже при общении через экран? Если вам интересно узнать, как правильно представить себя собеседнику, не бояться онлайн пространства и продуктивно работать на дистанционке, вебинар “Особенности онлайн коммуникации” поможет с этим разобраться!2 октября эксперт по корпоративной культуре Ольга Мерц расскажет об особенностях онлайн коммуникаций, включающих в себя не только поведение и внешний вид перед камерой, но и коммуникацию в мессенджерах и по телефону. У вас будет возможность узнать теоретические аспекты, а также поучаствовать в практической части вебинара, применив все услышанное ранее, и задать интересующие вас вопросы эксперту.Звучит интересно? Тогда регистрируйся! https://vk.com/app5898182_-185550746#s=1002493",0,0,0,106
12,"Дорогие друзья, началась проверка пудов (что такое пуд, смотри в описании), нужны волонтеры, которые помогут в этом деле! А за участие вас наградят похвальным листом, который вы сможете подать на ПГАС.тобы стать волонтёром, напишите в личные сообщения в телеграм Тимофею Прибылеву @tim_prib. Ждём вас!",1,0,1,279
13,"


.


HSE ISS - Поддержка иностранных студентов ВШЭ 
Sep 15, 2020 at 6:20 pm




С 16 сентября Указ Президента РФ В.В. Путина № 274 в отношении иностранных граждан будет продлен на новый срок (до 15 декабря 2020 г.)
Try this background

",1,0,0,105
14,"Дорогие друзья!  Не пропустите супер крутое мероприятие от наших коллег!


.


Бизнес-инкубатор ВШЭ 
Sep 16, 2020 at 4:30 pm

Вы просили –– мы организовали! Наше традиционное мероприятие Pizza Pitch пройдет 24 сентября в онлайн-формате! На нем у вас будет возможность рассказать про свой проект, поделиться идеями, получить полезную информацию от экспертов, найти новые контакты и отлично провести время, общаясь с самыми разными людьми и единомышленниками.Если вы: Expand text...- стартап, который хочет получить обратную связь- инвестор, который ищет перспективную компанию для вложения - специалист, который хочет найти себе крутую команду для сотрудничества - или просто человек, который интересуется развитием предпринимательства в стране То обязательно подавайте заявку на участие: https://clck.ru/Qsmur Все что нужно – ваш имейл, а мы сами пришлём вам ссылку на трансляцию и несколько полезных советов!",0,0,0,89
15,"Не пропустите, наши друзья организовали вебинар:


.


iDeal - Лекторий HSE | НИУ ВШЭ 
Sep 4, 2020 at 4:22 pm

Don’t DO agile, be agile!Друзья! Если вы любознательны до всего современного и интересуетесь гибкими методологиями создания продуктов, предлагаем посетить вебинар: ""Agile. Scrum. Гибкая разработка продуктов""Expand text...15 сентября сертифицированный Scrum Master из МТС Big Data Антон Андреев расскажет об основах Agile и Scrum, особенностях внедрения гибких практик, поделится личным опытом, ответит на ваши вопросы и даст совет, как запустить полноценную продуктовую команду в полностью удалённом формате или разработать собственный обучающий продукт, а также научит совмещать работу и хобби.Интересно? Ждем на вебинаре!15 сентября (вт) в 19:00 Онлайн-вебинар, регистрация по ссылкеСсылка на регистрацию: https://vk.com/app5898182_-185550746#s=973021#ideal_speaker",0,0,0,86
16,"


.


Changellenge » Карьера от студента к СЕО 
Aug 23, 2020 at 6:04 pm

#youtube@changellengeglobal #Changellenge #YouTubeКогда-нибудь пытались понять, о чем реально думают преподаватели? Мы — да. В новом видео на нашем YouTube-канале поговорили с профессором Ударой Пейрисом и расспросили о высшем образовании, российских студентах и академической карьере. Но это не все! Удара — консультант многих мировых Центральных банков, сейчас он строит макроэкономическую модель, которая поможет разным странам оценить последствия коронавируса. В интервью узнали об изменениях в мире после пандемии, вероятности валютного кризиса и финансовом положении среднестатистической семьи. Видео на английском с субтитрами на русском языке: https://www.youtube.com/watch?v=8EzzCEBJj6EYouTube53:13

Последствия Коронавируса на Экономику; об Образовании в России | Мнение Профессора HSE59 views

",0,0,0,113
17,"Дорогие друзья! Требуется ваша помощь:) @aribarbari готовит для Дня Вышки ролик, который отображает всю многонациальность нашего большого университета, поэтому ей нужна наша помощь, необходимы люди для съемки, которые пройдут УЖЕ завтра в Москве, поэтому, если кто может, обращайтесь:)Dear friends! @aribarbari needs our help, she is a producer and she prepares a video for The Vyshka Day. Video is about multinationalality of our big university. She needs people for the shooting which will be tomorrow in Moscow if you can take part in this event, please, contact her:)",4,0,1,327
18,"


.


Совет Объединения Иностранных Студентов НИУ ВШЭ 
Aug 21, 2020 at 10:03 pm

Уважаемые первокурсники бакалавриата и магистратуры! Приглашаем Вас 24 августа на WELCOME DAY - 2020!На мероприятии вас ждет много интересного, а главное полезного:   Знакомство с ключевыми лицами НИУ ВШЭ, обеспечивающими ваше прибывание в Вышке Expand text...  Вы узнаете какими возможностями каждый из вас обладает в стенах Вышки и какие студенческие организации помогут их реализовать  Узнаете важнейшую информация о правилах въезда/выезда из РФ, о постановке на миграционный учёт и о проживание в общежитие   Информация о возможных международных стажировках, программах обмена и стипендиальном обеспечение студентов Вышки и ещё очень много самого интересного! Мероприятие пройдет в онлайн-формате, так что проверяй свой почтовый ящик, в нем ты найдешь ссылку-приглашение на мероприятие:) Ждём Вас всех!",0,0,0,158
19,"Дорогие студенты дальнего зарубежья, есть очень интересное предложение для вас! Есть возможность поучаствовать в тревел-шоу, основным условием является базовые знание русского языка. Не упусти крутую возможность!


.


By Foreigners 
Aug 11, 2020 at 10:32 pm

Привет, мы давно с вами не виделись, но совсем скоро это исправим. Почему? Потому что совсем скоро стартует 2 сезон нашего проекта Что ждёт наших иностранных друзей во 2 сезоне  Совсем скоро они на несколько дней отправятся в один из 10 регионов:Expand text... - Республика Саха (Якутия) - Сахалинская область - Камчатский край - Чукотский автономный округ - Республика Дагестан - Республика Ингушетия - Республика Чечня - Республика Хакасия - Республика Бурятия - Республика Тыва  где будут жить в семьях в деревне или селе, чтобы познакомиться с бытом и культурой народов России. Это станет отличной возможностью соприкоснуться с многонациональностью нашей страны, а также рассказать зрителю проекта о сходствах и различиях России и родины иностранного студента.  Для съемок в проекте мы ищем главных героев, кто:  приехал из далека,  обучается в одном из российских ВУЗов,  владеет русским языком на уровне не ниже среднего,  не боится камеры,  а также хочет узнать больше о России.  Если кто-то из твоих иностранных друзей, которые учатся в России,  давно хотел попробовать себя в новой роли или просто познакомиться с Россией поближе, то обязательно отправь этот пост емуВсе расходы, связанные с путешествиями (перелет, проживание, питание), мы берем на себя.  Заявки на участие в проекте принимаются до 18 августа (23:59 по Москве). Свою заявку иностранные студенты могут оставить перейдя по ссылке: forms.gle/5g2L1SxFGqCGNSQKA.  А если этого будет мало, то всегда можно написать нам в сообщения или лично: +7 (999) 549-25-92  byforeigners@gmail.com",1,0,0,128
20,"

Как начнется обучение для иностранных студентов – Новости – Иностранным абитуриентам – Национальный..
admissions.hse.ru

",0,0,0,162
21,"


.


Набор в AIESEC в Москве 
Aug 7, 2020 at 12:00 pm

AIESEC в Москве ждёт тебя AIESEC – это объединение молодых, перспективных и талантливых людей по всему миру, которым не все равно. Не все равно на себя и на мир вокруг AIESEC – это про меня? Да, если ты, как и мы, стремишься к самосовершенствованию, хочешь достигать высоких результатов и вдохновлять окружающих на изменения!Expand text...  Став членом организации, ты сможешь: Организовать международный проект Развить лидерские качества Получить навык продаж и деловых переговоров Научиться работать в команде Найти единомышленников со всей России и за ее пределами Влиять на решение глобальных проблем  1.000.000+ молодых людей уже прошли опыт в AIESEC  Спеши стать частью нашей большой дружной организации и заполняй заявку на вступление! Не упусти возможность повлиять своим решением: http://bit.ly/JOIN_AIESEC_in_Russia #AIESECЭтоПроТебя #AIESECinRussia #AIESECinMoscow #AIESEC

Podio
podio.com

",0,0,0,113
22,"


.


Changellenge » Карьера от студента к СЕО 
Aug 5, 2020 at 6:13 pm

#career@changellengeglobal #Changellenge #CLambassadors Каждый третий выпускник не работает по специальности. Это связано с тем, что студентам после 1-2 курса сложно получить опыт — многие компании не берут их даже на стажировку. Мы открываем новый набор амбассадоров Changellenge ». Это годовая программа для студентов, которые хотят узнать тонкости корпоративного мира и рассказать о них остальным.Expand text...На амбассадорской программе вы: — пройдете серию тренингов от сотрудников Changellenge », получите бесплатный доступ к онлайн-курсам и возможность попасть на Школу Changellenge »;— начнете организовывать вебинары и онлайн- и продвигать офлайн-мероприятия, чемпионаты и стажировки для студентов;— постоянно будете получать обратную связь и обсуждать с ментором свой прогресс;— сможете получить работу в Changellenge », если станете одним из лучших амбассадоров.Если вы закончили 1 или 2 курс МГИМО, СПбПУ, УрФУ, ВШЭ, ФУ, РЭУ, СПбГУ, ИТМО, ВШЭ СПб, ТПУ, хотите представлять Changellenge » в своем вузе и развивать карьеру, регистрируйтесь: https://clck.ru/Q6RDB






Changellenge >> Ambassadors
1.changellenge.com


",0,0,0,124
23,"


.


Changellenge » Карьера от студента к СЕО 
Jul 23, 2020 at 12:00 pm

#education@changellengeglobal #Changellenge #CLSchoolЧасто ожидания от работы и реальность не соответствуют друг другу. Вместо проектов, которые меняют компанию к лучшему, вы выполняете мелкие рутинные задания, а вместо саморазвития — разочаровываетесь в профессии. Безболезненно сменить сферу деятельности и определиться с новой индустрией поможет бесплатный вебинар от Школы Changellenge », который пройдет 30 июля в 19:00.Expand text... Спикером выступит Сергей Талалаев, HR-специалист с 11-летним опытом. Он отвечал за рекрутинг в банках Citi и Росбанк, а также в LVMH Perfumes & Cosmetics. На трансляции вы узнаете:— чем отличается отбор в разных индустриях и как готовиться к каждому из этапов;— какие три подхода к самопознанию помогут определить, чего вы хотите;— как правильно ставить карьерные цели и добиваться их, несмотря на барьеры;— как использовать методику Predictive Index, чтобы определить, какая индустрия вам подходит.Регистрируйтесь и получайте карьерные инсайты от эксперта Школы Changellenge »: https://clck.ru/Pp3ZF",0,0,0,130
24,"


.


НИУ ВШЭ для иностранцев (HSE University) 
May 25, 2020 at 11:07 am

Мы знаем, вы тоже ждали этот анонс! Начинаем обратный отсчёт до МОМ-2021.   Международная олимпиада молодёжи в этом году пройдёт с 22 по 29 октября 2020 года в очном (офлайн) и дистанционном (онлайн) форматах уже в восьмой раз. Сегодня, 25 мая, мы открываем онлайн регистрацию. У абитуриентов есть отличная возможность участвовать в бесплатных вебинарах по подготовке к олимпиаде от лучших преподавателей НИУ ВШЭ и получить грант на обучение до 100%!   Ищите информацию обо всех условиях проведения и направлениях МОМ на сайте: http://amp.gs/Hpu9. Желаем успехов!






Международная олимпиада молодёжи поможет поступить на бюджет до начала вступительных испытаний
admissions.hse.ru


",0,0,0,138
25,"


.


Changellenge » Карьера от студента к СЕО 
Jul 15, 2020 at 12:03 pm

#education@changellengeglobal #Changellenge #CLSchool «Смотреть в будущее могут не только лишь все...» и другие шедевры становятся причинами насмешек над известными людьми. Это происходит из-за того, что развитию структурного мышления не уделяется достаточно времени. Научиться излагать мысли так, чтобы вас понял любой, вы можете на бесплатном вебинаре Школы Changellenge ».Expand text... Он пройдет в четверг, 23 июля, в 19:00. Ex-консультант Accenture, призер Changellenge » Cup Moscow и Cup Technical, Oliver Wyman Impact и эксперт Школы Changellenge » Михаил Хмелик расскажет:— Как применять пирамиду Минто, чтобы справляться с самыми сложными бизнес-задачами.— Как работать с правилами соразмерности и однородности элементов в структуре.— Как выбрать лучшее решение с помощью Issue Tree и принципа МЕСЕ.— Как использовать правило трех аргументов, чтобы убедить любого слушателя.— Как анализировать проблему с помощью пяти «почему».Избежать позора не сложно, если позаботиться о прокачке заранее. Регистрация на трансляцию закроется 23 июля в 18:30. Успейте подать заявку и потренироваться мыслить структурно: https://clck.ru/P9YZW






Структурируй и властвуй: вебинар от ex-эксперта Accenture
1.changellenge.com


",0,0,0,125
26,"Дорогие друзья, наши коллеги из бизнес-инкубатора открывают набор в обновленную акселерационную программу! Для вышкинцев есть по-прежнему специальные квоты от них, не упустите возможность продвинуть свой бизнес-проект, получить крутой опыт, работая с профессионалами своего дела! :)


.


Бизнес-инкубатор ВШЭ 
Jul 8, 2020 at 5:42 pm

Огонь новости HSE INC открывает набор в обновленную акселерационную программу! А продлится он аж до 23 августа (но мы все помним, что это не повод сейчас расслабляться).Да-да, обновлённую! Мы ставим новую амбициозную цель: сделать так, чтобы 70% команд привлекли инвестиции в течение полугода с начала программы. Как? Индивидуальная работа с каждой командой по вопросу привлечения инвестиций! Expand text... Программа стартует 9 сентября и продлится 14 недель, из которых первые две – пробные. В рамках акселерации вы получите 70 часов консультаций с опытными предпринимателями и экспертами рынка, 8 сервисов для бизнеса в бесплатное пользование и 15 мероприятий на тему маркетинга, менеджмента и нетворкинга и др.  Наша цель – развивать предпринимательство в России, мы научим вас правильно ставить задачи, подготовим для инвестиций, познакомим с инвесторами, поможем найти точку роста и достигнуть цели.  Чтобы узнать с какими направлениями мы работаем и кого мы ждем в программе, переходите по ссылке: https://clck.ru/LW8sW  Встретимся в песочнице",2,0,1,148
27,"


.


iDeal - Лекторий HSE | НИУ ВШЭ 
Jun 24, 2020 at 9:09 pm

Как быть Илоном Маском в современной России и какие перспективы есть у инноваций в самой большой стране мира?Об этом и не только узнаете уже 2 июля на вебинаре от ведущего специалиста отрасли!  Тимофей Головин - преподаватель кафедры менеджмента инноваций НИУ ВШЭ, партнер и директор по корпоративным сервисам в NUMA Moscow, расскажет об особенностях инновационной экосистемы РоссииExpand text... Регистрация на вебинар:  https://vk.cc/awe2Df Вебинар также будет полезен слушателям, выбирающим магистерскую программу для поступления - Тимофей расскажет о том, что собой представляет магистерская программа «Управление исследованиями, разработками и инновациями в компании», и что требуется для того, чтобы стать кибервыпускником Высшей Школы Экономики PS. Программа «Управление исследованиями, разработками и инновациями в компании» направлена на формирование профессиональных и личностных компетенций по успешному осуществлению проектов и инициатив, связанных с разработкой и реализацией технологических, маркетинговых и организационных инноваций в компаниях и корпорациях, сфере предпринимательства, науки, образования, государственного и общественного управления Программа содействует образованию социальных контактов, формированию сетей и сообществ, заинтересованных в развитии российской инновационной системы и предпринимательской культуры с целью опережающей и устойчивой трансформации российского общества 02.07 (чт) в 18:00 Онлайн-вебинар, регистрация по ссылке  https://vk.cc/awe2Df#ideal_speaker

Вход | ВКонтакте
mentora.pro

",1,0,0,167
28,"


.


iDeal - Лекторий HSE | НИУ ВШЭ 
Jun 8, 2020 at 6:02 pm

НОВЫЙ ПОДКАСТО чем говорим:- почему SMM настолько популярен;- когда лучше начинать практику по специальности;Expand text...- в какой момент наступит перенасыщение SMMщиками.Наши ведущие поговорили на популярную тему с Владиславом Крамским. Влад - совладелец и креативный директор диджитал-агентства. За его плечами 5-летний опыт работы с крупными компаниями и известными личностями (об этом подробнее в подкасте), хотя Вышку он закончил в прошлом году. У Влада есть собственный курс по SMM, а также блог в Instagram. #podcasts@ideal_hse


Да кто этот ваш SMM?! Отвечает Владислав Крамской

iDeal - Интеллектуальный клуб HSE | НИУ ВШЭ
44 plays




play

29 min



",0,0,0,143
29,"


.


HSE ISS - Поддержка иностранных студентов ВШЭ 
May 25, 2020 at 12:05 pm

Приветствуем вас в группе поддержки иностранных студентов Вышки!  Команда Центра поддержки иностранных студентов НИУ ВШЭ (ЦПИС) создала эту группу, чтобы вы смогли задать интересующие вас вопросы по внеучебке, предлагать варианты улучшения сервисов университета и найти много полезной информации, в том числе и по текущей обстановке в университете и в городе.  Будем рады вашей подписке;)  #HSE #HSEinternational #ВШЭ",0,0,0,116
30,"


.


Совет Объединения Иностранных Студентов НИУ ВШЭ 
May 23, 2020 at 11:39 am

Дорогие друзья, наши коллеги из бизнес-инкубатора ВШЭ устраивают классное мероприятие об Инновациях в индустрии Негосударственных Пенсионных Фондов. Подробнее о вебинаре и питч-сессии можно узнать здесь по ссылке: https://hseinc.ru/pensweb




Инновации в индустрии Негосударственных Пенсионных Фондов
hseinc.ru

",2,0,0,148
31,"


.


Changellenge » Карьера от студента к СЕО 
May 15, 2020 at 6:04 pm

#education@changellengeglobal #PG #Changellenge Современный мир диктует новые правила карьерной игры и вынуждает бизнес приспосабливаться к необычным условиям работы. Пока все вокруг немного замерли, P&G продолжает рост в полную силу: компания не только успешно перевела сотрудников на удаленку, но и увеличила чистый объем продаж продукции на 5% за последний квартал.Expand text... В серии бесплатных вебинаров P&G business and career in the new reality эксперты расскажут, как происходила дистанционная трансформация бизнеса, и какие навыки помогут получить работу мечты в VUCA-мире. Вебинары пройдут по следующему расписанию:— 26 мая в 15-00: Как P&G адаптирует бизнес-процессы в быстро меняющемся мире.— 27 мая в 15-00: Твоя карьера на удаленке: как успешно пройти собеседование онлайн и дистанционно проявить себя в компании с первых дней работы.— 28 мая в 15-00: Essential soft skills: какие навыки поспособствуют быстрому карьерному старту в новой реальности и мире после пандемии.Кстати, P&G признан Работодателем №1 в FMCG в России по версии Changellenge Best Company Award 2019 и по версии Randstad Employer Brand Research 2020. Хочешь узнать советы инсайдеров о том, как пройти онлайн-собеседование и попасть в компанию? Тогда регистрируйся на вебинары: https://clck.ru/NUTN2






Открыта регистрация на 3 интерактивных карьерных вебинара от экспертов P&G
changellenge.com


",0,0,0,106
32,"


.


iDeal - Лекторий HSE | НИУ ВШЭ 
May 9, 2020 at 7:35 pm

— Что тебе снилось? — Что мы занимались чем-то непристойным, таким, чего никогда раньше не пробовали… — Раскруткой Instagram?  Уже 14 мая готовься начать прокачивать свой Instagram не только во снах потому что те знания, которые ты получишь от Александра Вдовенко - ведущего специалиста Tooligram Академии - больше не дадут тебе спать!Expand text... Регистрация по ссылкеhttps://vk.cc/atQwnVАлександр Вдовенко – ведущий таргетолог и преподаватель Tooligram и Tooligram Academy, а еще… Автор курса """"Ограбление Instagram"""" (прошло более 15 000 человек), курса """"Instagram-Маркетолог"""" (прошло более 10 000 человек) и марафона """"Продай Слона"""" (прошло более 15 000 человек) Соавтор книги """"Ограбление Instagram"""" Запустил более 200 рекламных компаний для разных проектов; работает с бюджетом более 3 000 000 руб/мес  На вебинаре «Instagram без масок» ты узнаешь: 1. Нейросеть внутри Instagram, который управляет вашей рекламой 2. Рекламная связка - как снизить стоимость покупки в 3-4 раза!3. Каким должно быть рекламное объявление, чтобы привлечь внимание пользователей 4. Разница Instagram с другими каналами трафика: особенности, плюсы и минусы 5. 5 стандартных стратегий запуска таргетированной рекламы, которые дадут вам результаты Для всех участников вебинара мы подготовили секретные подарки, которые помогут поднять твой Инстаграм на новый уровень!  Подарки, как и ссылка на вебинар, прилетят прямиком тебе в личные сообщения, регистрируйся! ( https://vk.cc/atQwnV)  Будем рады видеть тебя на нашем вебинаре! Жми колокольчик, чтобы не пропустить!",0,0,0,117
33,"Привет от команды Бизнес-инкубатора ВШЭ)  Бизнес продолжает развиваться даже в такое тяжёлое время, поэтому мы все еще продолжаем организовывать полезные онлайн-мероприятия. Одно из них – бесплатный вебинар “Распределение долей в стартапе”, который проведет директор Бизнес-инкубатора Михаил Эрман 14 мая в 18:00.  Участники вебинара узнают: Expand text... Как распределить доли между основателями стартапа  Как мотивировать команду с помощью опционов  Как удержать самых главных членов команд  Если вы: – Начинающий стартапер, который только думает о запуске своего дела – Предприниматель, который хочет научиться мотивировать членов своей команды – Человек, который хочет понять принципы работы стартапа  Тогда переходи по ссылке и регистрируйся: https://clck.ru/NNCbq




Распределение долей в стартапе
hseinc.ru

",4,0,0,225
34,"


.


Совет Объединения Иностранных Студентов НИУ ВШЭ 
May 7, 2020 at 8:18 pm

Информация для иностранных студентов!Уважаемые студенты! Просим вас проверить срок действия ваших виз и миграционного учета, ознакомиться с новостями ЗДЕСЬ: https://visa.hse.ru/Если ваша виза и/или регистрация (миграционный учет) истекают в мае, июне или июле 2020 года просим написать об этом на visa-registration@hse.ru Expand text...Также если у вас возникнут какие-либо вопросы, можете обращаться к зампредседателю ОИС НИУ ВШЭ Луизе Рахимовой+7 (915) 008-50-70larakhimovahse07@gmail.com #виза#регистрация#иностранныйстудент#вшэ#hse#isa#covid19




Центр визово-миграционного сопровождения иностранных граждан
ivisa.hse.ru

",2,0,0,152
35,"For those who are finding or going to find a job. Webinar will be held by Ksenia Petrukhina - an HR specialist in a large international company.


.


iDeal - Лекторий HSE | НИУ ВШЭ 
May 3, 2020 at 10:01 am

«Да пошли вы к черту!» - кричал Олег, выбегая из офиса, - «И работа ваша - тоже к черту!» - закричал на коллег по отделу, до этого мирно беседовавших возле входа. Они казались ему такими крутыми, такими воодушевленными и успешными по сравнению с ним самим.Expand text... Он завидовал им, их карьерным успехам, но больше всего завидовал тому, с какими горящими глазами они всегда принимались за работу, как наслаждались процессом и как радовались результатам. Он ненавидел свою работу и еще больше ненавидел себя за то, что сам сделал неправильный выбор.  Не повторяй ошибки Олега!  7 мая включай компьютер, готовь блокнот для большого судьбоносного конспекта и присоединяйся к вебинару Ксении Петрухиной!  Это будет вебинар о том, какие критерии важны именно для тебя в поиске работы, так чтобы работа не становилась каторгой, а вдохновляла бы каждый день. А также с другой стороны: как понять, какие твои личностные качества, твои сильные стороны, которые оцениваются на собеседованиях, будут полезны и ценны компании, и почему нет смысла притворяться и готовиться к интервью с HR Регистрация на вебинар: https://vk.cc/atzSiI Ксения Петрухина - HR специалист в крупной международной компании-холдинга… название которой, увы, произносить нам запрещает комплаенс, но вы эту компанию точно знаете (если хоть раз пили кофе с зеленой русалкой на стакане или бросали восхищенные взгляды на дефиле всемирно-известных ангелов) А также Ксения - аналитик в области работы с персоналом, тренер по Soft Skills (надпрофессиональные навыки) Ксения закончила НИУ ВШЭ, факультет Экономики, после чего получила опыт работы в сфере обучения и развития персонала разных компаний, работая в связке с бизнес-тренером года по версии HR Trainings & Expo. 3 года назад начала проводить тренинги, специализируясь на Soft Skills и аналитике, а также креативных способах решения задач. Год назад устроилась в крупную международную компанию с 7 мировыми брендами кофеен и магазинов, где участвует во всех HR процессах, создавая и развивая внутренние проекты по подбору, обучению и мотивации персонала. За год работы Ксения помогла нескольким коллегам на стартовых позициях определиться со сферой деятельности и повысить свой карьерный уровень А еще мы подготовили приятные подарки для всех участников вебинара – дизайнерские шаблоны презентаций, которые обязательно выделят вас среди конкурентов в карьрной гонке! Подарки, как и ссылка на вебинар прилетят прямиком вам в личные сообщения ( https://vk.cc/atzSiI) Будем рады видеть тебя на нашем вебинаре! Жми колокольчик, чтобы не пропустить! ",0,0,0,104
36,"


.


Changellenge » Карьера от студента к СЕО 
Apr 6, 2020 at 8:05 pm

#career@changellengeglobal #Danone #SurfDanone #ChangellengeИнтересные вызовы повсюду, но у Danone есть для вас кое-что особенное. Компания ищет дерзких молодых специалистов, которые не боятся сложных задач и готовы стать менеджерами в одной из крупнейших мировых FMCG-компаний. Готовы к новому вызову? Присоединяйтесь к оплачиваемой программе развития Surf Danone! Вас ждут:Expand text...— 11 направлений развития: от технических R&I, Industrial и IT/IS до бизнесовых Marketing, Sales и Finance — выбирайте то, что вам интересно.— Ключевые бизнес-навыки: масштабный онбординг, тренинги, ротации по России и практика на реальных проектах — комплексная подготовка в короткие сроки.— Мощная поддержка: ваше профессиональное развитие будут направлять непосредственный руководитель, менеджер программы Surf Danone и опытный ментор.— Возможности международной компании: обменивайтесь опытом с коллегами по всему миру и получите шанс поработать за рубежом по окончании программы (а иногда и во время).Кстати, регистрация на Surf Danone открыта по всей России. Прием заявок в самом разгаре — успейте выбрать интересное направление и стать частью команды, которая формирует будущее FMCG: https://clck.ru/MoLqW






Программа развития Surf Danone 2020
surfdanone.com


",1,0,0,122
37,"


.


iDeal - Лекторий HSE | НИУ ВШЭ 
Apr 12, 2020 at 9:13 am

""Лучше потерять деньги, чем доверие клиентов” © Роберт БошДрузья, мы запускаем цикл вебинаров на тему влияния коронавируса и кризиса на разные сферы бизнеса – от автобизнеса до фондовых рынков и бьюти-индустрии. Каждый вебинар цикла состоит из 2 частей.Expand text... В первой части Вы узнаете достоверную информацию о том, как обстоит ситуация в сфере на данный момент, какие прогнозы, какие риски и возможности видят эксперты отрасли. И получите ответ на главный вопрос – какие шаги предприняла компания чтобы удержаться на плаву и минимизировать издержки. Во второй части вебинара спикеры поделятся обзором практических инструментов, формул, принципов и фреймворков, необходимых для успешного преодоления кризисных, экстренных ситуаций как та, что происходит в мире прямо сейчас.16 апреля в 19:00 Марьян Смук проведёт первый вебинар нашего цикла: «Массовые закрытия производств – ситуация в эпоху коронавируса в индустрии автобизнеса. Выводы, принципы и инструменты преодоления мирового кризиса транснациональной компанией».Смук Марьян – европейский продакт специалист на 12 стран компании Bosch. Основатель digital-агентства Веб Партнер более 5 лет и 100 проектов. Управляющий партнер Mentora Group Марьян расскажет о самых больших челленджах, с которыми столкнулась компания и о том, какие принципы влияют на принятие решений менеджеров компаний в экстренное время.Также на вебинаре вы узнаете о нескольких незаменимых инструментах и фреймворках принятия решений, когда весь мир оказывается во власти Черного Лебедя.Получить свой билет прямо сейчас! Для получения бесплатного билета, необходима регистрация на сайте. https://vk.cc/asCktzПодписаться на уведомления о мероприятияхhttps://vk.com/app5898182_-185550746#s=441646&for..

Смук Марьян. Индустрия автобизнеса во время коронавируса - массовые закрытия производств. | Mentora
mentora.pro

",2,0,0,120
38,"


.


Changellenge » Карьера от студента к СЕО 
Mar 31, 2020 at 8:14 pm

#career@changellengeglobal #Changellenge #Сбербанк #HeadstartНайти работу в корпоративном и инвестиционном банкинге непросто, однако у вас есть шанс начать с оплачиваемой стажировки — Сбербанк открывает набор на программу HeadStart. Совмещайте ее с учебой и получите шанс остаться в штате, а главное — вы сможете приобрести опыт совместной работы с настоящими профи. Сбербанк КИБ стал лауреатом премии The Banker за инновации в области торговых операций с валютой и процентными ставками, а команда Investment Research стала #1 в России, получив 6 первых мест из 12 категорий. Присоединяйтесь — набор открыт в департамент глобальных рынков и департамент инвестиционной деятельности: clck.ru/MhKqf






Оплачиваемая стажировка HeadStart в Сбербанке
sbergraduate.ru


",1,0,0,134
39,"


.


Changellenge » Карьера от студента к СЕО 
Apr 1, 2020 at 4:02 pm

#career@changellengeglobal #Changellenge #ВТБ #ВТБ_ЮниорЭтой весной ВТБ открывает набор на оплачиваемую стажировку в Москве, Санкт-Петербурге и еще 52 городах по всей России. На ВТБ Юниор в региональной сети вас с первого дня ждут серьезные проекты в подразделениях розничного, а также среднего и малого бизнеса региональной сети банка. И вот что еще включает в себя стажировка:  — Четкие ориентиры с первого дня. У вас будет ментор, который поможет определить векторы развития и персональные цели. — Обучение и тренинги. Вы будете развивать бизнес-навыки, участвовать в профессиональных тренингах и пройдете адаптационный курс с погружением во внутренние процессы компании. — Условия работы, нацеленные на карьеру. С первого дня стажировки вам предоставят все корпоративные преимущества компании, включая ДМС и социальный пакет.  А уже через год вы сможете попасть в штат и стать кредитным аналитиком, клиентским менеджером или занять начальную руководящую позицию. Чтобы не упустить возможность построить карьеру в банкинге, достаточно выбрать свой город и подать заявку: https://clck.ru/MmALD






Зарегистрироваться >>
changellenge.com


",1,0,0,117
40,"


.


Changellenge » Карьера от студента к СЕО 
Mar 23, 2020 at 9:04 pm

#education@changellengeglobal #Changellenge #CLSchoolИз карантина, кризиса и других страшных ситуаций на «к» можно извлечь выгоду и выйти сотрудником крутой компании! Для этого нужно потратить появившееся свободное время на саморазвитие и подготовку к карьере. Приглашаем вас на вебинар Аси Колосовой, Head of HR в Strategy Partners. Она занимала позиции Head of HR Changellenge, Head of Recruitment and Employer Branding в BCG и PwC, отсмотрела тысячи заявок от соискателей и готова поделиться опытом. Ася расскажет, как составить резюме, благодаря которому вы получите оффер даже в режиме самоизоляции. Еще вы разберете, какой должна быть структура CV, какие личные качества лучше указывать и как выбранное фото может повлиять на вашу судьбу: https://clck.ru/McyyzА остальные этапы отбора мы учим проходить на Школе Changellenge ». За 21 день интенсива вы узнаете, как готовиться ко всем видам интервью, вести себя на ассессменте и решать тесты, включая GMAT. Регистрация на курс уже открыта: https://clck.ru/McyvM






Вебинар по созданию резюме от Changellenge >>
clck.ru


",1,0,0,96
41,"


.


Changellenge » Карьера от студента к СЕО 
Feb 25, 2020 at 10:10 pm

#event@changellengeglobal #Changellenge #CupRussiaДождались! Мы открываем регистрацию на главный кейс-чемпионат страны! Changellenge » Cup Russia — самый масштабный в России и самый престижный в линейке Changellenge ». Он существует уже 13 лет. За это время в нём приняли участие почти 34 тысячи человек. Пришло время попробовать и вам. Чемпионат — это возможность решить масштабные задачи и примерить на себя разные роли, не боясь ошибиться. Решайтесь.Впереди три недели командной работы над задачами из реальной практики мировых компаний, погружения в несколько отраслей и знакомства с экспертами из разных областей. Ваши решения будут оценивать представители Danone, Unilever, МТС, BCG, GSK, Mars, Samolov group, SAP, Strategy Partners, PWC, МегаФона и ЮниКредит Банка. Лучшим они могут сделать карьерные предложения уже в финале. Мы хотим дать эту возможность каждому, поэтому участвовать могут студенты и выпускники любой специальности, вуза и города. Регистрируйтесь на Changellenge » Cup Russia и начните самое интересное путешествие в жизни — к самому себе: https://clck.ru/MHeuN






Cup Russia 2020
1.changellenge.com


",1,0,0,107
42,"


.


Совет Объединения Иностранных Студентов НИУ ВШЭ 
Mar 19, 2020 at 7:51 pm

HSE Vice Rector Vladimir Samoylenko has signed an order ‘On the Introduction of Additional Measures to Prevent the Spread of Coronavirus Infection’.  The order includes changes to the working hours of HSE campus buildings. HSE buildings will now be open Monday through Saturday from 8:00 AM until 11:00 PM and closed on Sundays. Rooms designated for group gatherings, such as student coworking areas, teaching staff offices, professor clubs, gyms, and more, will be closed.  The new measures will also affect the operation of the HSE library. The reading room will be open from 10:00 AM until 9:00 PM, and capacity is not permitted to exceed 50 people at any given time.  Campus dormitories will be open from 7:00 AM until 11:00 PM, and non-resident guests are no longer permitted to enter the buildings. Dormitory residents who have been absent from their dormitories for more than 24 hours will be questioned about possible contact with people who have visited places with high levels of infection.  Source: https://www.hse.ru/en/our/news/350542182.html






Temporary Changes to the Operation of HSE Campus Buildings
www.hse.ru


",3,0,0,169
43,"


.


Changellenge » Карьера от студента к СЕО 
Feb 26, 2020 at 8:03 pm

#career@changellengeglobal #Changellenge #ВТБ #ВТБ_Юниор Пришло время дать старт карьере в банкинге! ВТБ открывает регистрацию на оплачиваемую стажировку в головном офисе в Москве. Программа подойдет для выпускников бакалавриата и студентов магистратуры, которые хотят развиваться в сфере корпоративно-инвестиционного, розничного или среднего и малого бизнеса, а также в области стратегии, маркетинга, финансов, юриспруденции и HR. На стажировке ВТБ Юниор вас ждут: Expand text... — Четкие ориентиры с первого дня. У вас будет опытный ментор, который уже построил карьеру в ВТБ. С ним вы определите персональные цели, а по итогам работы обсудите оценку своих результатов и возможные векторы развития. — Дополнительное образование. Вас ждет адаптационный курс с советами для успешной карьеры и погружением во внутренние процессы компании. Также в течение всей программы вы будете прокачивать бизнес-навыки и принимать участие в профессиональных тренингах. — Комфортные условия работы. С самого начала стажировки вам будут доступны все корпоративные преимущества компании, включая ДМС и социальный пакет. А большинство стажеров после прохождения программы остаются в штате.  После стажировки ВТБ Юниор вы получите практический опыт и возможность продолжить карьеру в ВТБ. Первые шаги для этого — выбор направления и подача заявки: https://clck.ru/MJ4dR






Зарегистрироваться >>
changellenge.com


",1,0,0,212
44,"


.


UZ FEST 
Feb 28, 2020 at 8:58 am

ATTENTION  ВПЕРВЫЕ В ВЫШКЕ!  Студенты из Узбекистана, при поддержке Посольства Узбекистана в России и Всемирной Ассоциации Молодёжи Узбекистана приглашают вас на фестиваль узбекской культуры — UZ FEST.Expand text...  UZ FEST — это фестиваль, где каждый гость сможет перенестись в солнечный Узбекистан, познакомиться с его культурой. В программе фестиваля разнообразные мастер-классы, выставка музыкальных инструментов и национальной кухонной утвари, узбекские блюда, показ мод и многое другое. Принять участие может каждый желающий.Вышка ждет вас и ваших друзей! Регистрация: hhttps://uzbekskiy-klub-niu--event.timepad.ru/event/1268403/






UZ FEST / События на TimePad.ru
uzbekskiy-klub-niu--event.timepad.ru


",3,0,1,219
45,"


.


Практика 
Feb 27, 2020 at 8:30 pm

Привет  Если ты технарь или гуманитарий, являешься студентом 3 курса и старше, и тебе не терпится начать свою карьеру прямо сейчас (даже если у тебя нет опыта работы), то у нас для тебя хорошие новости! Мы приглашаем посетить наше новое карьерное мероприятие, которое будет проводиться в формате job-speed-dating с лекциями HR-менеджеров одних из крупнейших компаний России!Expand text... Что ты получишь, если придёшь на мероприятие?1) познакомишься с представителями топовых компаний и государственных структур (таких, как RZD.GENERATION (РЖД), OZON , Стажировка в Правительстве Москвы и другими),2) получишь возможность пройти экспресс-собеседование,3) нетворкинг и обмен опытом между сверстниками. Где?В центре «Моя карьера» по адресу ул. Сергия Радонежского д.1 стр.1 Когда?6 марта с 17:00 до 20:00 ЧТОБЫ УЧАСТВОВАТЬ В ЭКСПРЕСС-СОБЕСЕДОВАНИЯХ С КОМПАНИЯМИ, ТЕБЕ НЕОБХОДИМО ЗАПОЛНИТЬ ФОРМУ НИЖЕ: https://docs.google.com/forms/d/e/1FAIpQLSfOTmpe2GxW4..Если у тебя есть вопросы, то пиши их в комментариях к записи!0:56

Практикум!27,852 views






Регистрация на ""Практикум""
accounts.google.com

",1,0,0,230
46,"Dear friends!  We have some good news for you on the first day of spring and the last day of Maslenitsa Week!  The Student Council of the Faculty of Business and Management is organizing an event for international students and students from Russia, who want to practice language skills. We would very much like to help foreigners plunge headlong into the friendly atmosphere of our university and feel the full charm of Russian Maslenitsa. Expand text... Therefore, we invite all of you to the cozy and entertaining event ""Quiz, please: Maslenitsa edition""!  What awaits you? 1. A fun quiz with prizes for winners 2. Tea and Russian sweets 3. Practice of English/Russian and other languages! 4. And most importantly, new acquaintances and a warm company!  We will meet at 18:30 on March, 6 in the audience 5307. We are waiting!  You can register by the link: https://forms.gle/hYs9LQMKmhctMDKu5  Hurry, places are limited. Дорогие друзья,  У нас есть, чем порадовать вас в первый день весны и последний день масленичной недели!  Студенческий совет Факультета бизнеса и менеджмента организует мероприятие для иностранных студентов и студентов из России, которые хотят попрактиковать английский и познакомиться с ребятами из разных стран. Мы бы очень хотели помочь иностранцам с головой окунуться в дружескую атмосферу нашего университета и ощутить всю прелесть русской Масленицы.  Поэтому мы приглашаем всех вас на уютное и занимательное мероприятие ""Quiz, please: Maslenitsa edition""!  Что вас ждет? 1. Увлекательная и веселая викторина с призами 2. Чаепитие и русские сладости 3. Практика английского (самое то перед экзаменом по IELTS) и других языков! 4. Ну и самое главное, новые знакомства и теплая компания!  Встречаемся в 18:30 6 марта в аудитории 5307. Очень ждем!  Регистрацию можно пойти по ссылке: https://forms.gle/hYs9LQMKmhctMDKu5  Торопитесь, места ограничены.




Quiz, please! (Maslenitsa edition)
docs.google.com

",5,0,0,297
47,"Hey, doing well? We have an fantastic offer for you! Expand text...Producer of the Moscow 24 TV channel is launching a project on YouTube about traveling around Moscow for foreigners on YouTube. They need a group of foreigners on Sunday. You can visit unusual places, try the best dishes from the chef in the restaurant. Tell me, please, if you are interested in it.  The main thing is the desire to learn something new.  You do not need to be fluent in Russian, but it would be better if you understand the Russian language even a little  The excursion will be shot on Sunday. At 9:00 the first excursion will begin. 3 people are needed there At 13:30 the second tour. 5 people are needed there.  https://forms.gle/WSHQPcYcqF2ajpqA8






Participants for Show
docs.google.com


",0,0,0,218
48,"Good evening, everyone! Producer of the Moscow 24 TV channel is launching a project on YouTube about traveling around Moscow for foreigners on YouTube. They need a group of foreigners on Sunday. You can visit unusual places, try the best dishes from the chef in the restaurant. Tell me, please, if you are interested in it.Expand text...  The main thing is the desire to learn something new.  You do not need to be fluent in Russian, but it would be better if you understand the Russian language even a little  The excursion will be shot on Sunday. At 9:00 the first excursion will begin. 3 people are needed there At 13:30 the second tour. 5 people are needed there.  https://forms.gle/WSHQPcYcqF2ajpqA8






Participants for Show
docs.google.com


",6,0,2,478
49,"


.


Модель ООН НИУ ВШЭ 
Jan 18, 2020 at 12:00 pm

Продолжается регистрация на Модель ООН НИУ ВШЭНа HSE MUN воспроизводится работа 6 комитетов на двух официальных языках ООН. Мы собрали для вас самые интересные и самые актуальные повестки, чтобы сделать ваш модельный опыт увлекательным и незабываемым.Совет Безопасности ООНExpand text...Количество стран: 15.Рабочий язык: русский.Повестка: Защита гражданских лиц в условиях вооруженных конфликтов.United Nations Security CouncilКоличество стран: 15.Рабочий язык: английский.Повестка: Situation in the Central African Republic.Совет по правам человека ООНКоличество стран: 47.Рабочий язык: русский.Повестка: Право на неприкосновенность частной жизни в эпоху цифровых технологий.Комитет по ликвидации дискриминации в отношении женщинКоличество стран: 23.Рабочий язык: русский.Повестка: Соблюдение репродуктивных прав женщин.Экономический и Социальный совет ООНКоличество стран: 54.Рабочий язык: русский.Повестка: Восстановление экономики и социальной сферы на территориях, пострадавших от военных конфликтов.Конференция по разоружениюКоличество стран: 65.Рабочий язык: русский.Повестка: Регулирование использования частных военных подрядчиков.Как проходит отбор?Вы заполняете специальную форму регистрации: https://docs.google.com/forms/d/e/1FAIpQLSeI0fxNSJ8Cr..В течение 48 часов после регистрации отправляете на почту тезисы (от 2 тыс. знаков) на почту info.hsemun@gmail.com в соответствии с повесткой. Без них ваша заявка не будет рассмотрена. При отправке укажите комитет и свою фамилию в теме письма. При успешном прохождении первого этапа отбора участники будут приглашены к собеседованию, после которого станет известна представляемая в комитете страна.Успейте зарегистрироваться! Места в комитетах заполняются по мере поступления заявок. Регистрация завершится 28 февраля.Всегда ваш,Секретариат HSE MUN




Регистрация участников на Модель ООН НИУ ВШЭ
docs.google.com

",1,0,0,253
50,"


.


Избирательная комиссия СС НИУ ВШЭ 
Dec 29, 2019 at 9:15 pm

#вшэ_оисВ выборах совета ОИС приняли участие 127 человек.  С подробными результатами можно ознакомиться на картинке.  Поздравляем 7 избранных членов совета ОИС — Сонг-Чан Пак, Саид Алиев, Рихтер Джибрил Мохаммед (https://www.facebook.com/richtermohammedjibril), Бекзод Кобилов, Марат Маврин, Луиза Рахимова, Анастасия Казачинская. От избирательной комиссии на их первом собрании будут присутствовать Глеб Гаращук и Маргарита Кирюшина.",0,0,0,308
51,"Уважаемые студенты!Вчера начались выборы в ОИС. На данный момент у нас одна из самых слабых явок. Активнее принимайте участие в выборах. Поддержите понравившиеся кандидатуры, тем самым Вы обеспечите себе будущее с сильным составом ОИС.Как проголосовать:Expand text...1) зайдите на корпоративную почту (outlook @edu.hse.ru)2) найдите письмо от студсовет а2.1) если не нашли то, посмотрите в спам3) пройдите по ссылке в письме4) выберите кандидата(ов)5) be happySong-Chan Pak",2,2,0,544
52,"Dear students,Elections for AFS began yesterday. Currently our association has one of the weakest appearances. Please take a part in elections more actively. Support those candidates that are more likely to improve work of AFS. It's a great opportunity to secure your future with a strong AFS.How can you vote:Expand text...1) check your corporate email (outlook @edu.hse.ru)2) find letter from students council2.1) if you haven't found it in the main box, you should check spam3) click on the link 4) choose your candidate(s)5) be happySong-Chan Pak",0,0,0,316
53,"


.


Избирательная комиссия СС НИУ ВШЭ 
Dec 18, 2019 at 8:00 pm

Уважаемые студенты и аспиранты,Начало выборов переносится на 19 декабря. Утром будет анонс инструкции для голосования. Просим прощения за технические неполадки.Приглашаем, кто этого ещё не сделал, посмотреть состоявшие в понедельник и вторник дебаты кандидатов:Expand text...1. Факультет компьютерных наук — https://www.youtube.com/watch?v=9VQwVGEvnSU2. Факультет бизнеса и менеджмента — https://www.youtube.com/watch?v=O8mOjMhxAh8&t=1s3. Факультет социальных наук и факультет городского и регионального развития — https://www.youtube.com/watch?v=dCmX2uLU86I&t=1s4. МИЭМ и факультет математики — https://www.youtube.com/watch?v=BE61jQPdzyM&t=5s5. Крупные общежития — ""Дубки"", ""Трилистник"" — https://www.youtube.com/watch?v=aK-E8btaZJU&t=3477s6. Факультет коммуникаций, медиа и дизайна вместе с факультетом права — https://www.youtube.com/watch?v=qydnAC16SNQ&t=7s7. Факультет гуманитарных наук — https://www.youtube.com/watch?v=PRh6yMQgZ-U8. Уполномоченные по правам студентов — https://www.youtube.com/watch?v=6zgqSQDz8PA&t=3473s52:361:15:421:26:311:12:251:15:2347:041:15:471:10:00",0,0,0,233
54,"


.


Выборы в ОИС — 2021 
Dec 17, 2019 at 10:00 am

Meet the candidate for the Council of the Association of Foreign Students - Song Chan Park. Address to voters:""Dear voters, Let me introduce myself, my name is Song Chan Park, I am from Uzbekistan, 2nd year student of ICEF, taurus, now when we’ve got to know each other a little better, I’ll talk about my program and my goals.Expand text... We all know that every year NRU HSE increasingly becomes multinational and multicultural university, in which there must be an effective self-government body that represents and defends interests and rights of students. In my election program, I described main problems of students. And I have clear ideas of ​​how to solve these problems! With your support and help we can solve them together! Sincerely your, Pak Song Chan Уважаемые избиратели, доброго времени суток. Разрешите представиться, меня зовут Пак Сонг Чан, родом я из Узбекистана, студент 2 курса МИЭФ, телец, теперь когда мы немного узнали друг друга, я расскажу о своей программе и о своих целях. Все мы знаем, что ежегодно НИУ ВШЭ становится все более и более многонациональным и мультикультурным университетом, в котором обязан быть эффективный орган самоуправления, который бы представлял и отстаивал интересы и права студентов. В своей предвыборной программе я описал насущные проблемы студентов. И я имею четкое представление путей решения этих проблем! С Вашей поддержкой и помощью мы сможем их решить. С уважением, Пак Сонг Чан""


Programma_Pak_Song_Chan_1_-_Song_Chan_Park - Song Chan Park.pdf

20 KB


",0,0,0,207
55,"


.


Выборы в ОИС — 2021 
Dec 17, 2019 at 10:30 am

Meet the candidate for the Council of the Association of Foreign Students - Луиза Рахимова. Address to voters:""Уважаемые дамы и господа, начались выборы в студенческую организацию «Объединение иностранных студентов» и я хотела бы представить Вашему вниманию свою кандидатуру. Я, Рахимова Луиза, являюсь иностранным студентом первого курса ФБМ (Факультет бизнеса и менеджмента) хотела бы стать членом данного студенческой организации. К данному выбору меня подтолкнуло то, что я, являясь иностранным студентом, хотела бы помогать своим коллегам в решении вопросов, относящихся к адаптации иностранцев в Москве, помощи в решении организационных учебных и вне учебных мероприятий. Хотелось бы, чтобы каждый иностранный студент ощущал себя комфортно и не чувствовал дискомфорта из-за переезда в большой мегаполис, попав в нашу большую ВШЭВСКУЮ семью! ( подробная программа изложена в прикрепленном файле)""


ВШЭ - Луиза Рахимова.pdf

86 KB


",0,0,0,158
56,"


.


Выборы в ОИС — 2021 
Dec 17, 2019 at 11:00 am

Meet the candidate for the Council of the Association of Foreign Students - Бекзод Кобилов. Address to voters:""Представление иностранных граждан должно происходить так, чтобы на него можно было опираться. Я гарантирую, что моей работой можно будет пользоваться всем, кто когда - либо встречался с трудностями. Мне можно доверить, потому что я сам вовлечён в возможные трудности и знаю как их решить. Давайте поможем иностранцам вместе.""


Программа выборов в Студенческий совет - Pierrot.pdf

130 KB


",0,0,0,161
57,"


.


Выборы в ОИС — 2021 
Dec 17, 2019 at 11:30 am

Meet the candidate for the Council of the Association of Foreign Students - Валерия Колесник Address to voters:""My name is Valeria Kolesnik. I am a foreign student from Uzbekistan. Throughout the entire period of study at HSE, I have been actively involved in the implementation and conduct of various events at the international level. During the year, as the Chairman of the Association of Foreign students, I managed to organize a large number of different activities aimed at the adaptation of foreign students, to assist foreign students in the process of learning and living in hostels. My goal is to continue to develop the international Student Association system and to share my experience with HSE international students.""


Программа_Колесник Валерия - Валерия Колесник.pdf

354 KB


",0,0,0,140
58,"


.


Выборы в ОИС — 2021 
Dec 17, 2019 at 12:00 pm

Meet the candidate for the Council of the Association of Foreign Students - THUY NGUYEN. Address to voters:""Take advantage of having experienced working with people who come from different countries. I get familiar with handling problems related to cultural barriers. I understand and respect the cultural differences and nuances that exist between nations. This allows me to better comprehend the message and communicate effectively with foreigners.Participating in the ""Association of Foreign Students"" with the wish of "" CONNECT THE WORLD"". ""


NGUYEN-THI-THUY - Thủy Nguyễn.pdf

58 KB


",0,0,0,133
59,"


.


Выборы в ОИС — 2021 
Dec 17, 2019 at 12:30 pm

Meet the candidate for the Council of the Association of Foreign Students - Сайид Алиев. Address to voters:""Привет! Я, Сайид, студент НИУ ВШЭ, из солнечного Узбекистана! Я такой же иностранный студент, как и вы, который сталкивается с такими же сложностями, что и вы. Я выдвигаю свою кандидатуру в члены СтудСовета – Организацию иностранных студентов НИУ ВШЭ, чтобы совместно со всеми заинтересованными сторонами решать НАШИ с ВАМИ проблемы, создавать возможности и нерушимую кооперацию между университетом и иностранными студентами, между нами и нашими странами, между нами и Великой Россией.Для этого, вы должны принять участие в выборах в СтудСовет и отдать свой голос за меня, вашего кандидата в ОИС НИУ ВШЭ! Искренне ваш, Сайид!""


OIS_AlievSayidKakhramonovich_-_Sayid_Aliev - Sayid Aliev.pdf

964 KB


",0,0,0,121
60,"


.


Выборы в ОИС — 2021 
Dec 17, 2019 at 1:00 pm

Meet the candidate for the Council of the Association of Foreign Students - Алина Бычкова. Address to voters:""Я буду рада если вы проголосуетеВсем счастья,любви и зачётов ""


к изберателям) - Алина Бычкова.pdf

328 KB


",0,0,0,108
61,"


.


Выборы в ОИС — 2021 
Dec 17, 2019 at 1:30 pm

Meet the candidate for the Council of the Association of Foreign Students - Marat Mavrin.Address to voters:""Голосуй вместе с нами, выбор за вами!""


Predvibornaya kаmpaniya_Marat_Mavrin - jette mm.pdf

2 MB


",0,0,0,110
62,"


.


Выборы в ОИС — 2021 
Dec 17, 2019 at 2:00 pm

Meet the candidate for the Council of the Association of Foreign Students - Dagvanorov Lkhagvajav. Address to voters:""Hello my mates!) If you don't have any idea, alright. let's have fun TOGETHER. let's TOGETHER craft new you!""


election - Dagvanorov Lkhagvajav.pdf

18 KB


",0,0,0,110
63,"


.


Выборы в ОИС — 2021 
Dec 17, 2019 at 2:30 pm

Meet the candidate for the Council of the Association of Foreign Students - Максим Мацалак. Address to voters:""Привет! Я, Максим , студент НИУ ВШЭ, из просторного Казахстана ! Я такой же иностранный студент, как и вы, который сталкивается с такими же сложностями, что и вы. Я выдвигаю свою кандидатуру в члены СтудСовета – Организацию иностранных студентов НИУ ВШЭ, чтобы совместно со всеми заинтересованными сторонами решать НАШИ с ВАМИ проблемы, создавать возможности и нерушимую кооперацию между университетом и иностранными студентами, между нами и нашими странами, между нами и Великой Россией. Для этого, вы должны принять участие в выборах в СтудСовет и отдать свой голос за меня, вашего кандидата в ОИС НИУ ВШЭ! С уважением ваш Максим!""


Предвыборная Мацалак Максим  - Максим Мацалак.pdf

39 KB


",0,0,0,110
64,"


.


Выборы в ОИС — 2021 
Dec 17, 2019 at 3:00 pm

Meet the candidate for the Council of the Association of Foreign Students - Jibril Richter. Address to voters:""Hello wonderful people! My name is Jibril, and I am in the first year of the Political Analysis and Public Policy program. I have participated and enjoyed HSE student programs, and I have loved. One thing I noticed is the 'un-involvement' of African, at least that's what I have observed in the student programs I have been to. I want you to vote for me, so that I can help integrate the Africans in HSE student activities to enhance the diversity of our programs and also to join student clubs. I joined the Social Inclusion team of ESN and it has been an amazing ride and would to encourage students from Africa to do same. In addition, I want to use the capacity of the Students' Council, to help solve the problems, the African and International Students' as a whole, face while studying in this prestigious university. Thank you!""


Election Program-converted - Richter Jibril.pdf

103 KB


",0,0,0,116
65,"


.


Выборы в ОИС — 2021 
Dec 17, 2019 at 3:30 pm

Meet the candidate for the Council of the Association of Foreign Students - Анастасия Казачинская. Address to voters:""Let's vote and show our legal position in HSE!""


Казачинская Анастасия - Nastya KSCH.pdf

13 KB


",0,0,0,92
66,"Hello!Information for those who applied to the student council of the AFS (hereinafter AFS). At the moment, applications have been collected and their processing has begun. The person in charge of the election group lost sight of the AFS, Big student council apologizes for the delay. In the coming days, all candidates will be put up.Sincerely,Vice chairman.Song-Chan Pak",0,0,0,161
67,"Здравствуйте!Информация для тех, кто подал заявку в студенческий совет ОИС (далее ОИС). На данный момент заявки собраны и начата их обработка. Ответственный за группу выборов упустил ОИС из виду, за что БСС (большой студенческий совет) приносит извинения. В ближайшие дни будут выставлены все кандидатуры.С уважением, Зам. председателя.Song-Chan Pak",0,0,0,166
68,"


.


Poboltaem? 
Dec 11, 2019 at 8:35 pm

Друзья, надеемся, вы не забыли за учёбой и делами, что Новый Год и Рождество уже совсем скоро! Приглашаем вас запастись праздничным настроением на нашей Рождественской вечеринке!ЧТО: Программа держится в секрете! Но будет возможность и пошевелить мозгами, и проявить свои творческие способности, и отдохнуть за просмотром  фильма! Язык встречи - английский.Expand text...КОГДА И ГДЕ: С 18:00 до 20:30 в эту субботу (14 декабря) в уютном коворкинге на Покровском бульваре, 11 (аудитория N205).Ссылка на регистрацию: https://poboltaem.timepad.ru/event/1212834/Приходите, будет весело и интересно!P.S. Кстати, после этой встречи Poboltaem? выйдет на каникулы, и встречи возобновятся уже в следующем модуле (в январе). Так что не упустите ваш шанс поболтать на английском в этом году!#poboltaem_meetings #poboltaem #hse #поболтаем #разговорныйклуб

Poboltaem? - Christmas Party / События на TimePad.ru
poboltaem.timepad.ru

",0,0,0,138
69,"Факультет социальных наук НИУ ВШЭ приглашает вас на сервисный проект «Профоринтационная работа в зарубежных школах в 2019-20 учебном году». Ссылка на Ярмарке проектов https://www.hse.ru/org/hse/pfair/320410305.html Проект предполагает информирование школьников иностранных государств о НИУ ВШЭ и образовательных программах бакалавриата факультета социальных наук. Участие в проекте предлагается только иностранным студентам или проживающим в зарубежных странах, которые имеют возможность выехать за рубеж по месту жительства и выступить в школах своего региона. Проект длительный , мы открываем его в декабре, закрываем в конце июня, чтобы у вас была возможность попасть к себе в школу или в соседние школы и выступить перед школьниками. Также можно выступать перед школьниками на базе Россотрудничества.  В конце декабря мы проведем установочное собрание и снабдим вас всеми необходимыми материалами.  Стоимость проекта – 3 кредита. Запись по ссылке ниже






Проект «Профоринтационная работа в зарубежных школах в 2019-20 учебном году» – Ярмарка проектов НИУ
www.hse.ru


",0,0,0,188
70,"Hello!Our team want to introduce cool student organisation Научные бои: Вышка . It is a project where students of HSE talk about their research and fight for an academic travel grant. No boring presentations and long lectures – only oratory and unusual requisite in TED format! After the event, speakers and guests can discuss any interesting issues in an informal ambience.Expand text...  This time we will meet on December 6th at 18:30 in the space ""ШАГИ"": metro Elektrozavodskaya, st. Malaya Semenovskaya, d. 5  Сool speakers and famous juries, science and digital. Come to determine the best: one of the speakers will get a ticket to the final. Follow the announcements in the Научные бои: Вышка  group and be sure to register: https://sciencebattles.timepad.ru/event/1125249/Здравствуйте!Наша команда ОИС хочет представить Научные бои: Вышка 6 декабря состоятся научные бои 3 сезона, где студенты расскажут о своих исследованиях, а победитель пройдет в финал, в котором уже состоится битва за академический тревел-грант. После мероприятия спикеры и гости могут обсудить интересующие их вопросы в неформальной обстановке. Необходима регистрация на мероприятие: https://sciencebattles.timepad.ru/event/1125249/

II Научные бои Вышка, 3-й сезон / События на TimePad.ru
sciencebattles.timepad.ru

",1,0,0,332
71,"


.


Changellenge » Карьера от студента к СЕО 
Oct 8, 2019 at 4:41 pm

#career@changellengeglobal #Райффайзенбанк #RaiffeisenEVOLVEЧто можно успеть за год? Например, вырасти из начинающего специалиста в крутого эксперта на программе развития Raiffeisen Evolve 2020. Мы открываем регистрацию на девять направлений в Москве, от риск-менеджмента до юриспруденции. Вот что вас ждет:— оплачиваемая работа, ключевые проекты и свой спектр обязанностей с первого дня;Expand text...— погружение в специфику банка и неформальные встречи с топ-менеджментом;— поддержка наставника, куратора программы и команды, а также доступ в закрытое комьюнити участников Evolve;— график, совместимый с учебой, корпоративные скидки, ДМС, спортзал и многое другое.Raiffeisen Evolve — это больше, чем просто стажировка. Если вы студент последних курсов бакалавриата, магистратуры или выпускник 2018–2019 годов со специализацией в области финансов, экономики, математики, инженерии, IT, аналитики или менеджмента, присоединяйтесь: https://clck.ru/JRxgN






Raiffeisen Evolve 2019
raiffeisen-evolve.ru


",0,0,0,299
72,"


.


Школа Волонтера от «Открой Глаза» 
Oct 30, 2019 at 9:16 pm

Хочешь стать участником Школы Волонтера и провести выходные с пользой? Регистрируйся тут https://blagotvoritelnyy-events.timepad.ru/event/1104..• 9-10 ноября, учебный центр Вороново• Абсолютно бесплатно!• Поехать может любой желающий: студент любого курса или даже выпускникПо всем вопросам пиши в обсуждения.Ждём тебя на Школе Волонтера от Открой Глаза!",0,0,0,262
73,"


.


Changellenge » Карьера от студента к СЕО 
Oct 28, 2019 at 10:05 pm

#event@changellengeglobal #Changellenge #HackChangeChangellenge » добрался до хакатонов — приглашаем тебя на Hack & Change! Да, это IT-соревнование в нашем стиле. В центре — ты и твое развитие. Будем прокачивать тебя до мероприятия, во время и даже после. Тебе предстоит разработать прототип (приложение, программу, скрипт) для бизнес-задачи, которая стоит перед компанией-клиентом. А теперь о том, как это будет:- Ты получишь подборку полезных материалов для подготовки, to-do-list и приглашение на вебинар с опытными хакатонщиками.- На хакатоне тебя ждет поддержка ментора (опытного IT-специалиста), знакомство с представителями партнеров и участие в митапе с экспертами и хакатонщиками.- После мы пришлем тебе подборку карьерных возможностей от компаний-партнеров.А еще будут подарки, технологичная площадка и специальные зоны для отдыха. Участвуй, даже если ты пока не знаком с форматом хакатонов: https://clck.ru/EffWy







gif3.1 MB



Hack&Change. Хакатон от Changellenge >>
clck.ru

",0,0,0,201
74,"Дорогой студент! Приглашаем принять участие в мероприятии, организуемом Посольством Республики Узбекистан в НИУ ВШЭ. В ходе встречи с делегатами Посольства, вы сможете узнать о порядке получения консульско-правовой помощи (постановка на консульский учет, замена паспорта и пр.). У вас также будет возможность получить информацию о предстоящих в декабре 2019 года выборах в Олий Мажлис Республики Узбекистан.Expand text... Встреча будет проводиться по адресу: Покровский бульвар, д.11, корпус R, аудитория R401. Дата и время проведения: 28.10.2019 (понедельник), начало в 17:30. Просим вас пройти предварительную регистрацию по ссылке: https://forms.gle/7F4FvbpMKyXQXpjq9 Сбор участников встречи в 17:15.Будем рады видеть вас на мероприятии!




Регистрация на встречу с Посольством Республики Узбекистан
docs.google.com

",11,0,1,733
75,"


.


Парад Национальностей ВШЭ 
Aug 21, 2019 at 10:48 am

We are pleased to announce that on 5th September during HSE Day in Gorky Park will be the HSE Parade of Nationalities!Do you want to have fun, meet new interesting people from different countries and get a lot of positive emotions?Everyone can take part in the Parade. Just go through a simple registration:)Expand text...Here is the link to join: https://vk.cc/9HIyXKMake sure you mark the date in your calendar - Thursday, 5th September.We look forward to seeing you at our parade! #hseday2019 #hse #hseday #hsestudent







gif903 KB

",3,0,0,522
76,"


.


Парад Национальностей ВШЭ 
Aug 16, 2019 at 5:29 pm

Осталось меньше месяца до долгожданного Парада Национальностей ВШЭ  Хочешь весело провести время, познакомиться с новыми интересными людьми из разных стран, показать себя и получить море эмоций?  Это все можно будет сделать, приняв участие в Параде Национальностей ВШЭ!Expand text...  Парад ежегодно и с успехом проходит во время Дня Вышки в Парке Горького.  Принять участие в Параде смогут все желающие, главное, пройти простую регистрацию на сайте.  РЕГИСТРАЦИЯ: https://vk.cc/9HIyXK  Следите за нашими обновлениями!  #hseday2019 #hse #hseday #hsestudent




HSE Parade of Nationalities / Парад Национальностей ВШЭ
docs.google.com

",0,0,0,436
77,"




Приемная комиссия для иностранцев 2019

Мясницкая улица, 13, строение 4, Москва
Jun 20, 2019 at 10:30 am




12 people attended



",0,0,0,551
78,"ВНИМАНИЕ-ВНИМАНИЕНЕ ПРОПУСТИТЕДрузья, наша следующая встреча обещает быть грандиозной, ведь она станет заключительной встречей этого учебного года!Expand text...Итак, в грядущую среду мы будем:  Вспоминать всё хорошее, что было в этом году, в комнате Es war einmal bei Poboltaem?; Заряжаться позитивом на летние каникулы в комнате Vacaciones de verano; Заводить новые знакомства в комнате Let’s get to know each other!Место и время встречи - Шаболовка 26, 29 мая (среда), 19:00 - 20:30.Ссылка на регистрацию: https://poboltaem.timepad.ru/event/985499/Не упустите возможность насладиться праздничной атмосферой Poboltaem? перед сессией и каникулами!#poboltaem_meetings #poboltaem #HSEgoesglobal #разговорныйклуб




Poboltaem? - English, German and Spanish / События на TimePad.ru
poboltaem.timepad.ru

",2,0,0,727
79,"Уважаемые студенты Республики Казахстан   22 мая в 16:30 состоится встреча студентов из республики Казахстан с представителями Посольства Республики Казахстан в Российской Федерации. В ходе мероприятия будут обсуждаться текущие вопросы, связанные с обучением студентов, а также вопросы, касающиеся постановки на временный консульский учет, соблюдения законодательства в сфере миграции, и многое другое. Также Вы сможете получить ответы на интересующие Вас вопросы. Мероприятие состоится в аудитории 205 по адресу Армянский переулок, д. 4, корп 2. Просьба распространить информацию! Необходимо пройти регистрацию на мероприятие https://docs.google.com/forms/d/1TdLQi8TtmN-RiGfJHWC4..",7,0,0,948
80,"


.


Ближневосточная Ассоциация 
May 6, 2019 at 3:30 pm

Друзья, Российская Ближневосточная Ассоциация работает днем и ночью, что бы Ближний Восток стал к нам ближе и доступнее!!! Прежде чем прочитать пост, обратите внимание, что тот, кто поделится этой записью соберет у себя на странице 50 лайков и 25 репостов, получит бонусы для участия в какой-либо из четырех летних программ.Expand text... Победителям: 50 USD скидка на участие в языковой школе в Ливане или Марокко, 165 EUR скидка на участие в образовательном туре в Тунисе, 10% скидка на участие в летней языковой школе в Иране. Российская Ближневосточная Ассоциация совместно со своими партнерами предлагает Вам: 1. Международный летний образовательный тур в Тунисе ( дедлайн 20 мая, доп информация: https://vk.com/middleastrus?w=wall-49082411_1449)2. Летняя языковая школа по арабскому языку в Марокко (дедлайн 1 июня, доп информация: https://goo.gl/forms/x4ESYWKhF6iK8kai2)3. Летняя языковая школа по фарси в Иране (дедлайн 1 июня, доп информация: @sadygzadems)4. Летняя языковая школа по арабскому языку в Ливане (дедлайн 1 июля, доп информация: https://goo.gl/forms/1QLybl9OmlqbwXP92) Мы будем благодарны всем, кто поможет распространить информацию. Нам очень важно, чтоб у наших коллег была возможность ознакомиться с Ближним Востоком из первых уст. Нас никто не финансирует, вся наша деятельность - это время и возможности энтузиастов, которые хотят поделиться своей любовью к Востоку. Поддержите нас, друзья, рассказав своим друзьям о возможностях этого лета.",1,0,1,541
81,"A TOUCH OF VIETNAM[A 3-hour journey to reach a new country with indigenous people, why not?]Vietnam - an S-shaped country, is located in Indochina, South East Asia. It is has a glorious history of building and defending the country, thus created its unique culture. Visiting Vietnam, you can immerse yourself in the diverse cuisine and the graceful traditional dances that will take your breath away.Expand text... Let us bring you closer to our country, our people by joining our forthcoming event called “A TOUCH OF VIETNAM”, which will take place on the 22th of May 2019 The event consists of 3 main parts: Part 1:- Musical performances- Projecting a short video about Vietnam- Quiz with prizes Part 2:- Activities: Traditional Vietnamese folk games- Culinary section: delicious, mouth-watering dishes prepared by Vietnamese students from HSE and the sponsors. Absolutely free of charge Part 3: - You can check in and take pictures with beautiful backgrounds and photo booths  If you are not HSE students, please register at the following link:https://vietnamese-club-hse.timepad.ru/event/971509/ Location: Room 124, Building 20, Myasnitskaya Street, m. Lubyanka, Moscow Time of event: From 18 to 21pm on 22th May 2019",5,0,1,624
82,"ПРИКОСНОВЕНИЕ ВЬЕТНАМА[3 часа , чтобы узнать новую страну и местных жителей, почему бы нет?]Вьетнам - страна в форме буквы S , расположенный на полуострове Индокитай, в Юго-Восточной Азии. Вьетнам имеет тысячелетнюю историю строения и поддержания суверенитета. За это время страна создала свою уникальную культуру. На мероприятии вы можете попробовать Вьетнамскую кухню и насладиться плавными народными танцами.Expand text...Мы познакомим вас с страной и жителями Вьетнама на мероприятии ""A TOUCH OF VIETNAM"", которое состоится 22.05.2019.  Программа состоит из 3 основных частей: Часть 1:Культурные выступленияПоказ видео о культуре, достопримечательностях, национальной кухне ВьетнамаВикторина с подарками Часть 2:Игровая часть: традиционные вьетнамские народные игрыКулинарный раздел: Национальные блюда, приготовленные студентами ВШЭ, блюда от спонсоров. Часть 3:Фото сессия: В мероприятии , можно сделать красивые снимки c фото-зонами. Если вы не студенты ВШЭ, пожалуйста, зарегистрируйтесь по следующей ссылке: https://vietnamese-club-hse.timepad.ru/event/971509/ Адрес: аудитория 124, Корп 20, Мясницкая улица Время : 18ч - 21ч. 22 мая 2019 г.",11,0,0,809
83,"Всем внимание!Представьте: Вы только закончили школу, теперь настало время поступления в университет, Вы не знаете что делать, но что-то слышали про ВШЭ. Нормальные вопросы при мысли о ВШЭ:Что такое ВШЭ?...Expand text...Почему ""школа""?...Нужно ли сюда поступать?...И как это сделать?...И прочие вопросы...Теперь же мы не оставим Вас один на один с сайтом и слухами, все ответы на вопросы есть на странице в фейсбук: https://www.facebook.com/hse.international.admissionsЗадавайте вопросы!)Скоро будем и в инстаграмме

HSE for International Students
www.facebook.com

",0,0,0,490
84,"Breaking news!Real life situation: you've finished your school, now it's time to choose where to continue your education, but you've heard or seen 3 mysterious letters ""HSE"".Question that reasonably appears in your head:What is HSE?...Expand text...Should I study here?...Why should I choose HSE?...How to enter?...And stuff...Now you can get all answers on any question that may confuse you on our admission page on Facebook: https://www.facebook.com/hse.international.admissionsFeel free to ask any question you want!)C u soon on IG

HSE for International Students
www.facebook.com

",0,0,0,463
85,"БОЛЬШОЙ НОВРУЗ В ВЫШКЕ! Азербайджанское молодежное объединение в России (АМОР) совместно с Объединением иностранных студентов ВШЭ (ОИС ВШЭ) проводит ПРАЗДНИК ВЕСНЫ в стенах Высшей школы экономики! Мы расскажем и покажем вам ВСЕ про обычаи древнего праздника! Вас ждут: - игры в нарды, а также национальные казахские игры; Expand text...- национальные танцы; - ДЕГУСТАЦИЯ азербайджанской, казахской, узбекской и киргизской кухни. А также ПРАЗДНИЧНЫЙ КОНЦЕРТ: от национальных инструментов и до репа! Ждем ВАС 22 марта в 17:00 на Большом Трехсвятительском переулке, д.3! Регистрация по ссылке: https://goo.gl/forms/fEVZmZ4ARuCviyht1




БОЛЬШОЙ НОВРУЗ В ВЫШКЕ!
goo.gl

",32,0,3,2.2K
86,"


.


Совет Объединения Иностранных Студентов НИУ ВШЭ 
Feb 16, 2019 at 3:26 pm

Привет, амбициозный студент! Спешим обрадовать тебя тем, что Национальный исследовательский университет «Высшая школа экономики» и Almaty Management University (AlmaU) приглашают тебя принять участие в первой Международной междисциплинарной школе для студентов и выпускников, которая состоится 22-26 апреля 2019 года в городе Алматы, Казахстан. В этом году будут проводится следующие школы: Expand text... *Школа «Экономика и финансы» (Факультет экономических наук НИУ ВШЭ) *Школа «Экономическое поведение населения» (Факультет социальных наук НИУ ВШЭ) *Школа «Науки о данных. Анализ данных». (Факультет компьютерных наук НИУ ВШЭ) *Школа «Теория и методы сетевого анализа» (Международная лаборатория прикладного сетевого анализа НИУ ВШЭ)  К участию в Международной школе приглашаются студенты старших курсов бакалавриата, магистранты и выпускники университетов стран СНГ и других зарубежных стран.  Всем участникам школ будет выдан сертификат, являющийся серьезным преимуществом для портфолио кандидата при поступлении на образовательные программы магистратуры НИУ ВШЭ.  Участие в школе абсолютно бесплатное. Оплата перелета, питание и проживание оплачиваются участниками самостоятельно.  Хочешь провести время с пользой и при этом посетить невероятно красивый город Алматы, в сердце Азии?   Тогда тебе точно нужно подать заявку на участие на нашем официальном сайте: https://internationalschools.hse.ru/  И следить за актуальной информацией на официальных страницах в соц. сетях: ВК: https://vk.com/hseinternationalschools FB: https://www.facebook.com/groups/hseinternationalschoo.. МЫ ждем именно ТЕБЯ! 




Международные школы НИУ ВШЭ для студентов и выпускников — 2019
internationalschools.hse.ru

",1,0,0,486
87,"


.


Совет Объединения Иностранных Студентов НИУ ВШЭ 
Feb 13, 2019 at 4:03 pm

Друзья, сегодня встреча с генеральным консулом Республики Узбекистан13 февраля в 17:00 по адресу Кривоколенный переулок дом 3А, аудитория 327КСмотрите трансляцию в нашем Инстаграмм: hse.afs Подписывайтесь!",3,0,0,474
88,"


.


Совет Объединения Иностранных Студентов НИУ ВШЭ 
Feb 9, 2019 at 4:17 pm

16 февраля 2019 года Всемирной ассоциацией молодежи Узбекистана запланировано проведение онлайн-конференции, посвященной возможностям трудоустройства узбекистанской молодежи, обучающейся за рубежом. Для слушателей данной онлайн-конференции планируется выступление студентов ведущих университетов России, Китая, Турции, Японии и Латвии. В ходе мероприятия ведущие компании и организации государственного и частного сектора Республики Узбекистан выступят с презентацией о деятельности своей организации и расскажут о текущих вакантных местах. Формат проведения: Онлайн-конференция. Дата проведения: 16.02.2019г. Время проведения: 09:00 (время московское) !!!!Для студентов последнего курса бакалавриата и магистратуры/докторантуры.Регистрируйтесь по ссылке: https://docs.google.com/forms/d/1JQDM9L3fRyeAPITakFph..




Новая форма
docs.google.com

",4,0,0,455
89,"


.


Выборы в ОИС — 2021 
Dec 19, 2018 at 11:07 am

Итак, мы готовы подвести итоги выборов в Студсовет Объединения Иностранных Студентов! [English below] Членами Студсовета нового созыва становятся: Colin-Martinez Ivan (548 голосов)Cao Jing (373 голоса)Expand text... Пак Сонг Чан Хынг Дже (290 голосов) Колесник Валерия Олеговна (242 голоса) Шарипов Фарид Рахимджонович (198 голосов) Аббосхонова Малика Баходир кизи (192 голоса) Алиев Сайид Кахрамонович (185 голосов) Результаты участников, не прошедших в Студсовет: Маврин Марат Тохирович (132 голоса) Горбунов Кирилл Вадимович (120 голосов) Лев Малышев (106 голосов) Жумашев Рустам (89 голосов) Синяев Владимир (87 голосов) Избиратели, ваш выбор сделан! Теперь дело за кандидатами. Желаем всем удачи как в с новым Студсоветом, так и в Новом 2019-ом году! ___________________________________________________________________________So, we are ready to take stock of the elections to the Student Council of the International Students' Association! The members of the Student Council of the new convocation are: Colin-Martinez Ivan (548 votes) Cao Jing (373 votes) Pak Song Chan Hung Jae (290 votes) Kolesnik Valeria Olegovna (242 votes) Sharipov Farid Rakhimdzhonovich (198 votes) Abboskhonova Malika Bakhodir Kizi (192 votes) Aliyev Sayid Kakhramonovich (185 votes)The results of the participants who did not pass to the Student Council: Mavrin Marat Tohirovich (132 votes) Gorbunov Kirill Vadimovich (120 votes) Lev Malyshev (106 votes) Zhumashev Rustam (89 votes) Sinyaev Vladimir (87 votes)We wish everyone good luck both in the new Student Council and in the new 2019th year!",0,0,0,518
90,"Уважаемые друзья!  Уже сегодня 17 декабря 2018 года в 15:00 по адресу ул. Мясницкая д. 11, зал. 518 состоится ежегодная встреча иностранных студентов с руководством НИУ ВШЭ (с проректором НИУ ВШЭ по международной деятельности – Иваном Валериевичем Простаковым и проректором по работе со студентами - Валерией Александровной Касамара).  В рамках запланированной встречи каждый студент получит уникальную возможность задать вопрос или поделиться той или иной проблемой, с которой столкнулся в стенах нашего университета, а проректоры НИУ ВШЭ и их коллеги с радостью ответят на все имеющиеся вопросы.",2,0,0,615
91,"


.


Совет Объединения Иностранных Студентов НИУ ВШЭ 
Dec 15, 2018 at 8:33 am

Ребята, заканчиваются выборы в Совет ОИС (Объединение Иностранных Студентов)!!! Скорее голосуйте, а то мы не наберём нужную явку и некому будет помогать иностранцам ((( Выборы заканчиваются сегодня, 15 декабря, в 21:00.Если по каким-то причинам вы еще не проголосовали, рассказываем, где найти ссылку на голосование:Expand text...• зайдите на свою корпоративную или личную (указанную при поступлении)почту, найдите письмо с пометкой ""ИКСС"", там есть ссылка. Возможно, письмо лежит в спаме, поищите и там.• зайдите на hse.polys.me/voting/ и введите там свою корпоративную почту,если не можете найти письмо со ссылкой. На вашу почту придет новое.",0,0,0,403
92,"


.


Poboltaem? 
Dec 3, 2018 at 6:15 pm

Друзья!Poboltaem? приглашает всех, кто уже охвачен праздничным настроением или просто хочет отдохнуть перед сессией, на празднование Рождества!Когда: в день, который выбрали вы, — 15 декабря в 18:30Expand text...Где: Шаболовка, 26Языки встречи: английский, испанский, немецкий, французскийВыбрать язык, на котором вы хотите поздравить с наступающими Рождеством и Новым Годом других участников, и зарегистрироваться на встречу можно по ссылке: https://poboltaem.timepad.ru/event/860387/С нетерпением ждём встречи с вами!#poboltaem #HSEgoesglobal #разговорныйклуб

Christmas / События на TimePad.ru
poboltaem.timepad.ru

",0,0,0,347
93,"Поможем детям вместе!


.


HSE Outreach 
Nov 21, 2018 at 12:18 pm

Дорогие друзья! До Нового Года осталось чуть больше месяца, поэтому мы начинаем сбор подарков для воспитанников школ-интернатов в Елатьме и Гаврилов-Яме! Вы можете принести вещи из списка (как на плакате, так и в Гугл доке) или ЛЮБОЙ другой подарочек, который по вашему мнению может порадовать ребят!!На этой неделе мы установим коробки в некоторых корпусах вышки, где можно будет оставить вещи, а за всеми дополнительными деталями обращайтесь к Медине (https://m.vk.com/id20688085)!!!Давайте вместе подарим ребятам этот маленький праздникhttps://m.vk.com/away.php?to=https://docs.google.com/..


m.vk.com 
",0,0,0,402
94,"


.


Выборы в ОИС — 2021 
Nov 10, 2018 at 5:22 pm

Если сессия закончилась, а силы еще остались, мы знаем, как направить их в нужное русло. Составляйте предвыборную программу, заполняйте гугл-форму и меняйте жизнь Вышки совместно со Студсоветом! https://docs.google.com/forms/d/e/1FAIpQLSeB6IBLgrskU..",0,0,0,366
95,"Не пропустите мероприятие!


.


Евразийская Онлайн Школа 
Nov 13, 2018 at 11:17 pm

Доброго времени суток! Не пропустите! Завтра (14.11) пройдет презентация Международной Модели ООН ДА МИД России. Ждем всех интересующихся в аудитории К9 в корпусе на Шаболовской д. 26 в 16.40. Регистрация: https://we.hse.ru/youthvox/expresspolls/poll/22771294..

Молодежная исследовательская школа YouthVOX
we.hse.ru

",0,0,0,286
96,"


.


Совет Объединения Иностранных Студентов НИУ ВШЭ 
Nov 9, 2018 at 1:45 pm

Друзья, у вас есть уникальная возможность стать частью чего-то большего и помогать таким же иностранным студентам как и вы :) Всех ждём!


.


Студенческий совет НИУ ВШЭ 
Nov 3, 2018 at 9:11 pm

Expand text...",1,0,0,299
97,"


.


Совет Объединения Иностранных Студентов НИУ ВШЭ 
Nov 9, 2018 at 12:48 pm

Мы подготовили для вас интересное, а главное полезное мероприятие! Если ты иностранный студент и уже задумываешься о работе в РФ, то это мероприятие точно для тебя! 22 ноября состоится лекция на тему: «Неизвестные льготы. Гражданство. Упрощенный порядок трудоустройства иностранных студентов», посвященный законодательству, регулирующему правовой статус иностранных студентов на территории Российской Федерации.Expand text...  Лекцию проведет Кирилл Аксёнов - юрист, эксперт в сфере миграции и трудовых отношений с иностранными гражданами. В ходе встречи будут затронуты вопросы проживания и трудоустройства иностранных студентов. Особое внимание будет уделено вопросам льгот и привилегий для иностранных студентов, а также их легальному трудоустройству в России. Дополнительно, Кирилл Аксенов поделится со слушателями информацией об основных правилах миграционного контроля; возможности получения российского гражданства; о нормативном регулировании процедур переселения.  Для участия в мероприятии необходимо зарегистрироваться!Ссылка: https://goo.gl/forms/IrghPwo3Dkn6bHLw1Лекция пройдет 22 ноября в 19:00, по адресу: НИУ ВШЭ, ул. Мясницкая 11 ауд. 518Организатор: Совет Объединения Иностранных Студентов НИУ ВШЭ По всем вопросам: Ладинская Нина Сергеевна/Председатель




«Неизвестные льготы. Гражданство. Упрощенный порядок трудоустройства иностранных студентов»
goo.gl

",3,2,0,261
98,"Делимся с вами добрым делом :)


.


«Открой Глаза» НИУ ВШЭ 
Nov 6, 2018 at 6:00 pm

На данный момент существует огромное количество мифов и ошибочных суждений касательно донорства крови: начиная бесполезностью и заканчивая вредом для здоровья. Чтобы развенчать эти стереотипы, 13 ноября состоится лекция, которую проведет Тигран Мурадян — руководитель донорского движения Российского национального исследовательского медицинского университета им. Н.И. Пирогова и почетный донор России. Место: Старая Басманная улица, 21/4 Аудитория: Л-101 Время: 18:30Регистрация по ссылке: https://blagotvoritelnyy-events.timepad.ru/event/8471..






Лекция о донорстве от «Открой глаза» / События на TimePad.ru
timepad.ru


",1,0,0,228
99,"


.


Совет Объединения Иностранных Студентов НИУ ВШЭ 
Nov 5, 2018 at 1:32 am

Мы спешим вам сообщить, что самая популярная лекция ""Неизвестные льготы. Гражданство.Трудоустройство иностранных студентов"" будет проведена еще раз! Мы видим, что эта тема актуальна для вас, к нам поступает очень много вопросов по данной тематике. Поэтому мы хотим сделать данное мероприятие максимально полезным. Прежде чем провести лекцию, мы хотим спросить вас в каком формате вы хотели бы видеть данное мероприятие и какие у вас есть вопросы. Если так же как и мы хочешь скорее всё узнать и у тебя есть идеи как сделать лучше, заполняй форму: https://goo.gl/forms/oj1eebRmD0uTETPx1




Ваши вопросы и пожелания
goo.gl

",1,0,0,216
